club,country,city,city_orders,club_total,share
AIK,Belgium,Antwerpen,315,177185,0.0017778028614160342
AIK,Belgium,Bruxelles,396,177185,0.0022349521686373
AIK,Denmark,Aarhus,1410,177185,0.00795778423681463
AIK,Denmark,København,1469,177185,0.008290769534667156
AIK,Denmark,Odense,1567,177185,0.008843863758218811
AIK,Estonia,Tallinn,746,177185,0.004210288681321782
AIK,Finland,Helsinki,1671,177185,0.009430820893416486
AIK,Finland,Tampere,1584,177185,0.0089398086745492
AIK,Finland,Turku,1654,177185,0.009334875977086097
AIK,France,Lyon,338,177185,0.001907610689392443
AIK,France,Paris,336,177185,0.001896323052177103
AIK,Germany,Berlin,193,177185,0.0010892569912803003
AIK,Germany,Hamburg,154,177185,0.0008691480655811723
AIK,Germany,München,215,177185,0.001213421000649039
AIK,Iceland,Reykjavík,632,177185,0.003566893360047408
AIK,Italy,Milano,335,177185,0.001890679233569433
AIK,Italy,Roma,412,177185,0.0023252532663600193
AIK,Netherlands,Amsterdam,350,177185,0.0019753365126844824
AIK,Netherlands,Rotterdam,303,177185,0.0017100770381239948
AIK,Norway,Bergen,1678,177185,0.009470327623670175
AIK,Norway,Oslo,1610,177185,0.009086547958348618
AIK,Norway,Trondheim,1579,177185,0.008911589581510851
AIK,Poland,Kraków,314,177185,0.0017721590428083642
AIK,Poland,Warszawa,341,177185,0.0019245421452154527
AIK,Spain,Barcelona,340,177185,0.0019188983266077827
AIK,Spain,Madrid,336,177185,0.001896323052177103
AIK,Sweden,Borås,1380,177185,0.007788469678584531
AIK,Sweden,Degerfors,394,177185,0.00222366453142196
AIK,Sweden,Eskilstuna,1780,177185,0.01004599712165251
AIK,Sweden,Falun,1225,177185,0.006913677794395688
AIK,Sweden,Gävle,2517,177185,0.014205491435505263
AIK,Sweden,Göteborg,12935,177185,0.0730027936902108
AIK,Sweden,Halmstad,768,177185,0.004334452690690521
AIK,Sweden,Helsingborg,3381,177185,0.0190817507125321
AIK,Sweden,Jönköping,3436,177185,0.019392160735953946
AIK,Sweden,Kalmar,761,177185,0.004294945960436831
AIK,Sweden,Karlstad,1788,177185,0.01009114767051387
AIK,Sweden,Kristianstad,1472,177185,0.008307700990490165
AIK,Sweden,Linköping,5398,177185,0.030465332844202386
AIK,Sweden,Lund,3569,177185,0.02014278861077405
AIK,Sweden,Malmö,6922,177185,0.03906651240229139
AIK,Sweden,Norrköping,1400,177185,0.00790134605073793
AIK,Sweden,Nyköping,749,177185,0.004227220137144792
AIK,Sweden,Skövde,1347,177185,0.007602223664531422
AIK,Sweden,Stockholm,83270,177185,0.4699607754606767
AIK,Sweden,Sundsvall,1070,177185,0.006038885910206846
AIK,Sweden,Sölvesborg,371,177185,0.0020938567034455512
AIK,Sweden,Trollhättan,1763,177185,0.009950052205322121
AIK,Sweden,Umeå,3470,177185,0.019584050568614723
AIK,Sweden,Uppsala,2728,177185,0.015396337161723622
AIK,Sweden,Varberg,471,177185,0.0026582385642125463
AIK,Sweden,Visby,954,177185,0.005384202951717132
AIK,Sweden,Värnamo,306,177185,0.0017270084939470045
AIK,Sweden,Västerås,3324,177185,0.01876005305189491
AIK,Sweden,Växjö,1612,177185,0.009097835595563958
AIK,Sweden,Örebro,3560,177185,0.02009199424330502
AIK,Sweden,Östersund,1421,177185,0.008019866241498998
AIK,USA,Los Angeles,396,177185,0.0022349521686373
AIK,USA,New York,297,177185,0.001676214126477975
AIK,United Kingdom,Liverpool,196,177185,0.00110618844710331
AIK,United Kingdom,London,241,177185,0.0013601602844484579
AIK,United Kingdom,Manchester,235,177185,0.0013262973728024382
Degerfors IF,Belgium,Antwerpen,58,23654,0.0024520165722499367
Degerfors IF,Belgium,Bruxelles,62,23654,0.0026211211634395875
Degerfors IF,Denmark,Aarhus,218,23654,0.009216200219835968
Degerfors IF,Denmark,København,248,23654,0.01048448465375835
Degerfors IF,Denmark,Odense,258,23654,0.010907246131732476
Degerfors IF,Estonia,Tallinn,126,23654,0.0053267946224740004
Degerfors IF,Finland,Helsinki,270,23654,0.011414559905301429
Degerfors IF,Finland,Tampere,267,23654,0.01128773146190919
Degerfors IF,Finland,Turku,267,23654,0.01128773146190919
Degerfors IF,France,Lyon,61,23654,0.002578845015642175
Degerfors IF,France,Paris,64,23654,0.002705673459034413
Degerfors IF,Germany,Berlin,34,23654,0.0014373890251120319
Degerfors IF,Germany,Hamburg,28,23654,0.0011837321383275556
Degerfors IF,Germany,München,33,23654,0.0013951128773146192
Degerfors IF,Iceland,Reykjavík,103,23654,0.004354443223133508
Degerfors IF,Italy,Milano,52,23654,0.0021983596854654604
Degerfors IF,Italy,Roma,58,23654,0.0024520165722499367
Degerfors IF,Netherlands,Amsterdam,54,23654,0.002282911981060286
Degerfors IF,Netherlands,Rotterdam,66,23654,0.0027902257546292383
Degerfors IF,Norway,Bergen,250,23654,0.010569036949353175
Degerfors IF,Norway,Oslo,270,23654,0.011414559905301429
Degerfors IF,Norway,Trondheim,299,23654,0.012640568191426397
Degerfors IF,Poland,Kraków,54,23654,0.002282911981060286
Degerfors IF,Poland,Warszawa,46,23654,0.0019447027986809842
Degerfors IF,Spain,Barcelona,60,23654,0.002536568867844762
Degerfors IF,Spain,Madrid,50,23654,0.002113807389870635
Degerfors IF,Sweden,Borås,216,23654,0.009131647924241143
Degerfors IF,Sweden,Degerfors,4378,23654,0.1850849750570728
Degerfors IF,Sweden,Eskilstuna,289,23654,0.01221780671345227
Degerfors IF,Sweden,Falun,238,23654,0.010061723175784222
Degerfors IF,Sweden,Gävle,411,23654,0.01737549674473662
Degerfors IF,Sweden,Göteborg,2220,23654,0.09385304811025619
Degerfors IF,Sweden,Halmstad,117,23654,0.004946309292297286
Degerfors IF,Sweden,Helsingborg,538,23654,0.022744567515008033
Degerfors IF,Sweden,Jönköping,558,23654,0.023590090470956285
Degerfors IF,Sweden,Kalmar,117,23654,0.004946309292297286
Degerfors IF,Sweden,Karlstad,325,23654,0.013739748034159128
Degerfors IF,Sweden,Kristianstad,248,23654,0.01048448465375835
Degerfors IF,Sweden,Linköping,893,23654,0.03775259998308954
Degerfors IF,Sweden,Lund,587,23654,0.024816098757081254
Degerfors IF,Sweden,Malmö,1186,23654,0.05013951128773146
Degerfors IF,Sweden,Norrköping,243,23654,0.010273103914771285
Degerfors IF,Sweden,Nyköping,111,23654,0.004692652405512809
Degerfors IF,Sweden,Skövde,212,23654,0.008962543333051493
Degerfors IF,Sweden,Stockholm,3689,23654,0.15595670922465546
Degerfors IF,Sweden,Sundsvall,181,23654,0.007651982751331699
Degerfors IF,Sweden,Sölvesborg,44,23654,0.0018601505030861588
Degerfors IF,Sweden,Trollhättan,281,23654,0.011879597531072969
Degerfors IF,Sweden,Umeå,603,23654,0.025492517121839857
Degerfors IF,Sweden,Uppsala,473,23654,0.019996617908176206
Degerfors IF,Sweden,Varberg,82,23654,0.0034666441193878413
Degerfors IF,Sweden,Visby,151,23654,0.006383698317409318
Degerfors IF,Sweden,Värnamo,48,23654,0.0020292550942758096
Degerfors IF,Sweden,Västerås,557,23654,0.023547814323158875
Degerfors IF,Sweden,Växjö,266,23654,0.011245455314111778
Degerfors IF,Sweden,Örebro,583,23654,0.024646994165891604
Degerfors IF,Sweden,Östersund,224,23654,0.009469857106620445
Degerfors IF,USA,Los Angeles,63,23654,0.0026633973112370002
Degerfors IF,USA,New York,59,23654,0.0024942927200473494
Degerfors IF,United Kingdom,Liverpool,35,23654,0.0014796651729094446
Degerfors IF,United Kingdom,London,31,23654,0.0013105605817197938
Degerfors IF,United Kingdom,Manchester,41,23654,0.0017333220596939206
Djurgårdens IF,Belgium,Antwerpen,269,157297,0.001710140689269344
Djurgårdens IF,Belgium,Bruxelles,303,157297,0.0019262923005524582
Djurgårdens IF,Denmark,Aarhus,1245,157297,0.007914963413161091
Djurgårdens IF,Denmark,København,1257,157297,0.007991252217143367
Djurgårdens IF,Denmark,Odense,1356,157297,0.008620634849997139
Djurgårdens IF,Estonia,Tallinn,666,157297,0.004234028621016294
Djurgårdens IF,Finland,Helsinki,1386,157297,0.008811356859952829
Djurgårdens IF,Finland,Tampere,1358,157297,0.008633349650660852
Djurgårdens IF,Finland,Turku,1347,157297,0.008563418247010433
Djurgårdens IF,France,Lyon,253,157297,0.0016084222839596433
Djurgårdens IF,France,Paris,271,157297,0.0017228554899330565
Djurgårdens IF,Germany,Berlin,162,157297,0.0010298988537607201
Djurgårdens IF,Germany,Hamburg,129,157297,0.0008201046428094623
Djurgårdens IF,Germany,München,148,157297,0.000940895249114732
Djurgårdens IF,Iceland,Reykjavík,547,157297,0.0034774979815253948
Djurgårdens IF,Italy,Milano,264,157297,0.0016783536876100625
Djurgårdens IF,Italy,Roma,293,157297,0.001862718297233895
Djurgårdens IF,Netherlands,Amsterdam,315,157297,0.0020025811045347335
Djurgårdens IF,Netherlands,Rotterdam,303,157297,0.0019262923005524582
Djurgårdens IF,Norway,Bergen,1430,157297,0.009091082474554505
Djurgårdens IF,Norway,Oslo,1391,157297,0.00884314386161211
Djurgårdens IF,Norway,Trondheim,1283,157297,0.008156544625771629
Djurgårdens IF,Poland,Kraków,235,157297,0.00149398907798623
Djurgårdens IF,Poland,Warszawa,271,157297,0.0017228554899330565
Djurgårdens IF,Spain,Barcelona,277,157297,0.0017609998919241943
Djurgårdens IF,Spain,Madrid,286,157297,0.001818216494910901
Djurgårdens IF,Sweden,Borås,1128,157297,0.0071711475743339035
Djurgårdens IF,Sweden,Degerfors,295,157297,0.0018754330978976077
Djurgårdens IF,Sweden,Eskilstuna,1477,157297,0.009389880290151751
Djurgårdens IF,Sweden,Falun,976,157297,0.0062048227238917465
Djurgårdens IF,Sweden,Gävle,2127,157297,0.013522190505858345
Djurgårdens IF,Sweden,Göteborg,10837,157297,0.0688951473963267
Djurgårdens IF,Sweden,Halmstad,626,157297,0.003979732607742042
Djurgårdens IF,Sweden,Helsingborg,2899,157297,0.018430103562051405
Djurgårdens IF,Sweden,Jönköping,2817,157297,0.01790879673483919
Djurgårdens IF,Sweden,Kalmar,628,157297,0.003992447408405755
Djurgårdens IF,Sweden,Karlstad,1580,157297,0.01004469252433295
Djurgårdens IF,Sweden,Kristianstad,1175,157297,0.007469945389931149
Djurgårdens IF,Sweden,Linköping,4403,157297,0.02799163366116328
Djurgårdens IF,Sweden,Lund,3067,157297,0.019498146817803264
Djurgårdens IF,Sweden,Malmö,5629,157297,0.0357858064680191
Djurgårdens IF,Sweden,Norrköping,1177,157297,0.007482660190594862
Djurgårdens IF,Sweden,Nyköping,628,157297,0.003992447408405755
Djurgårdens IF,Sweden,Skövde,1133,157297,0.007202934575993185
Djurgårdens IF,Sweden,Stockholm,79017,157297,0.502342702022289
Djurgårdens IF,Sweden,Sundsvall,856,157297,0.0054419346840689905
Djurgårdens IF,Sweden,Sölvesborg,278,157297,0.0017673572922560507
Djurgårdens IF,Sweden,Trollhättan,1461,157297,0.00928816188484205
Djurgårdens IF,Sweden,Umeå,2927,157297,0.018608110771343382
Djurgårdens IF,Sweden,Uppsala,2262,157297,0.014380439550658944
Djurgårdens IF,Sweden,Varberg,428,157297,0.0027209673420344953
Djurgårdens IF,Sweden,Visby,764,157297,0.0048570538535382115
Djurgårdens IF,Sweden,Värnamo,282,157297,0.0017927868935834759
Djurgårdens IF,Sweden,Västerås,2792,157297,0.017749861726542783
Djurgårdens IF,Sweden,Växjö,1338,157297,0.008506201644023726
Djurgårdens IF,Sweden,Örebro,2928,157297,0.01861446817167524
Djurgårdens IF,Sweden,Östersund,1193,157297,0.007584378595904563
Djurgårdens IF,USA,Los Angeles,319,157297,0.002028010705862159
Djurgårdens IF,USA,New York,258,157297,0.0016402092856189247
Djurgårdens IF,United Kingdom,Liverpool,169,157297,0.0010744006560837141
Djurgårdens IF,United Kingdom,London,184,157297,0.0011697616610615586
Djurgårdens IF,United Kingdom,Manchester,194,157297,0.0012333356643801218
GIF Sundsvall,Belgium,Antwerpen,41,31772,0.0012904444164673298
GIF Sundsvall,Belgium,Bruxelles,52,31772,0.0016366612111292963
GIF Sundsvall,Denmark,Aarhus,237,31772,0.007459398212262369
GIF Sundsvall,Denmark,København,248,31772,0.007805615006924336
GIF Sundsvall,Denmark,Odense,272,31772,0.008560997104368626
GIF Sundsvall,Estonia,Tallinn,135,31772,0.0042490242981241344
GIF Sundsvall,Finland,Helsinki,283,31772,0.008907213899030594
GIF Sundsvall,Finland,Tampere,261,31772,0.00821478030970666
GIF Sundsvall,Finland,Turku,250,31772,0.007868563515044693
GIF Sundsvall,France,Lyon,55,31772,0.0017310839733098325
GIF Sundsvall,France,Paris,65,31772,0.0020458265139116204
GIF Sundsvall,Germany,Berlin,33,31772,0.0010386503839858996
GIF Sundsvall,Germany,Hamburg,19,31772,0.0005980108271433967
GIF Sundsvall,Germany,München,31,31772,0.000975701875865542
GIF Sundsvall,Iceland,Reykjavík,103,31772,0.003241848168198414
GIF Sundsvall,Italy,Milano,56,31772,0.0017625582273700113
GIF Sundsvall,Italy,Roma,72,31772,0.0022661462923328716
GIF Sundsvall,Netherlands,Amsterdam,65,31772,0.0020458265139116204
GIF Sundsvall,Netherlands,Rotterdam,52,31772,0.0016366612111292963
GIF Sundsvall,Norway,Bergen,274,31772,0.008623945612488984
GIF Sundsvall,Norway,Oslo,269,31772,0.00846657434218809
GIF Sundsvall,Norway,Trondheim,275,31772,0.008655419866549163
GIF Sundsvall,Poland,Kraków,58,31772,0.0018255067354903689
GIF Sundsvall,Poland,Warszawa,55,31772,0.0017310839733098325
GIF Sundsvall,Spain,Barcelona,51,31772,0.0016051869570691175
GIF Sundsvall,Spain,Madrid,52,31772,0.0016366612111292963
GIF Sundsvall,Sweden,Borås,212,31772,0.0066725418607579004
GIF Sundsvall,Sweden,Degerfors,58,31772,0.0018255067354903689
GIF Sundsvall,Sweden,Eskilstuna,293,31772,0.00922195643963238
GIF Sundsvall,Sweden,Falun,209,31772,0.006578119098577364
GIF Sundsvall,Sweden,Gävle,433,31772,0.013628352008057409
GIF Sundsvall,Sweden,Göteborg,2190,31772,0.06892861639179151
GIF Sundsvall,Sweden,Halmstad,101,31772,0.0031788996600780562
GIF Sundsvall,Sweden,Helsingborg,566,31772,0.017814427798061187
GIF Sundsvall,Sweden,Jönköping,618,31772,0.019451089009190483
GIF Sundsvall,Sweden,Kalmar,143,31772,0.004500818330605565
GIF Sundsvall,Sweden,Karlstad,314,31772,0.009882915774896134
GIF Sundsvall,Sweden,Kristianstad,220,31772,0.00692433589323933
GIF Sundsvall,Sweden,Linköping,825,31772,0.02596625959964749
GIF Sundsvall,Sweden,Lund,570,31772,0.0179403248143019
GIF Sundsvall,Sweden,Malmö,1140,31772,0.0358806496286038
GIF Sundsvall,Sweden,Norrköping,245,31772,0.007711192244743799
GIF Sundsvall,Sweden,Nyköping,132,31772,0.0041546015359435985
GIF Sundsvall,Sweden,Skövde,243,31772,0.007648243736623442
GIF Sundsvall,Sweden,Stockholm,3677,31772,0.11573083217927735
GIF Sundsvall,Sweden,Sundsvall,12725,31772,0.4005098829157749
GIF Sundsvall,Sweden,Sölvesborg,60,31772,0.0018884552436107265
GIF Sundsvall,Sweden,Trollhättan,290,31772,0.009127533677451845
GIF Sundsvall,Sweden,Umeå,590,31772,0.018569809895505475
GIF Sundsvall,Sweden,Uppsala,448,31772,0.01410046581896009
GIF Sundsvall,Sweden,Varberg,70,31772,0.002203197784212514
GIF Sundsvall,Sweden,Visby,135,31772,0.0042490242981241344
GIF Sundsvall,Sweden,Värnamo,46,31772,0.0014478156867682235
GIF Sundsvall,Sweden,Västerås,554,31772,0.01743673674933904
GIF Sundsvall,Sweden,Växjö,249,31772,0.007837089260984515
GIF Sundsvall,Sweden,Örebro,592,31772,0.018632758403625833
GIF Sundsvall,Sweden,Östersund,249,31772,0.007837089260984515
GIF Sundsvall,USA,Los Angeles,63,31772,0.001982878005791263
GIF Sundsvall,USA,New York,46,31772,0.0014478156867682235
GIF Sundsvall,United Kingdom,Liverpool,27,31772,0.0008498048596248268
GIF Sundsvall,United Kingdom,London,36,31772,0.0011330731461664358
GIF Sundsvall,United Kingdom,Manchester,39,31772,0.0012274959083469722
Halmstads BK,Belgium,Antwerpen,85,38151,0.002227988781421195
Halmstads BK,Belgium,Bruxelles,107,38151,0.002804644701318445
Halmstads BK,Denmark,Aarhus,347,38151,0.009095436554742995
Halmstads BK,Denmark,København,397,38151,0.01040601819087311
Halmstads BK,Denmark,Odense,383,38151,0.010039055332756678
Halmstads BK,Estonia,Tallinn,180,38151,0.004718093890068413
Halmstads BK,Finland,Helsinki,428,38151,0.01121857880527378
Halmstads BK,Finland,Tampere,370,38151,0.009698304107362847
Halmstads BK,Finland,Turku,387,38151,0.010143901863647086
Halmstads BK,France,Lyon,84,38151,0.0022017771486985923
Halmstads BK,France,Paris,92,38151,0.0024114702104794106
Halmstads BK,Germany,Berlin,56,38151,0.0014678514324657282
Halmstads BK,Germany,Hamburg,44,38151,0.0011533118397945008
Halmstads BK,Germany,München,48,38151,0.00125815837068491
Halmstads BK,Iceland,Reykjavík,175,38151,0.004587035726455401
Halmstads BK,Italy,Milano,81,38151,0.0021231422505307855
Halmstads BK,Italy,Roma,78,38151,0.0020445073523629787
Halmstads BK,Netherlands,Amsterdam,79,38151,0.002070718985085581
Halmstads BK,Netherlands,Rotterdam,87,38151,0.002280412046866399
Halmstads BK,Norway,Bergen,434,38151,0.011375848601609393
Halmstads BK,Norway,Oslo,388,38151,0.010170113496369688
Halmstads BK,Norway,Trondheim,405,38151,0.010615711252653927
Halmstads BK,Poland,Kraków,60,38151,0.0015726979633561376
Halmstads BK,Poland,Warszawa,89,38151,0.0023328353123116038
Halmstads BK,Spain,Barcelona,102,38151,0.0026735865377054335
Halmstads BK,Spain,Madrid,84,38151,0.0022017771486985923
Halmstads BK,Sweden,Borås,374,38151,0.009803150638253258
Halmstads BK,Sweden,Degerfors,93,38151,0.002437681843202013
Halmstads BK,Sweden,Eskilstuna,405,38151,0.010615711252653927
Halmstads BK,Sweden,Falun,321,38151,0.008413934103955335
Halmstads BK,Sweden,Gävle,600,38151,0.015726979633561376
Halmstads BK,Sweden,Göteborg,3231,38151,0.084689785326728
Halmstads BK,Sweden,Halmstad,9337,38151,0.2447380147309376
Halmstads BK,Sweden,Helsingborg,868,38151,0.022751697203218787
Halmstads BK,Sweden,Jönköping,865,38151,0.022673062305050982
Halmstads BK,Sweden,Kalmar,180,38151,0.004718093890068413
Halmstads BK,Sweden,Karlstad,452,38151,0.011847657990616236
Halmstads BK,Sweden,Kristianstad,382,38151,0.010012843700034075
Halmstads BK,Sweden,Linköping,1345,38151,0.03525464601190008
Halmstads BK,Sweden,Lund,859,38151,0.022515792508715368
Halmstads BK,Sweden,Malmö,1666,38151,0.043668580115855414
Halmstads BK,Sweden,Norrköping,361,38151,0.009462399412859427
Halmstads BK,Sweden,Nyköping,198,38151,0.005189903279075253
Halmstads BK,Sweden,Skövde,331,38151,0.008676050431181359
Halmstads BK,Sweden,Stockholm,5557,38151,0.14565804303950092
Halmstads BK,Sweden,Sundsvall,278,38151,0.007286833896883437
Halmstads BK,Sweden,Sölvesborg,84,38151,0.0022017771486985923
Halmstads BK,Sweden,Trollhättan,461,38151,0.012083562685119656
Halmstads BK,Sweden,Umeå,872,38151,0.022856543734109197
Halmstads BK,Sweden,Uppsala,682,38151,0.017876333516814762
Halmstads BK,Sweden,Varberg,133,38151,0.003486147152106105
Halmstads BK,Sweden,Visby,243,38151,0.006369426751592357
Halmstads BK,Sweden,Värnamo,78,38151,0.0020445073523629787
Halmstads BK,Sweden,Västerås,848,38151,0.022227464548766743
Halmstads BK,Sweden,Växjö,402,38151,0.01053707635448612
Halmstads BK,Sweden,Örebro,915,38151,0.023983643941181097
Halmstads BK,Sweden,Östersund,337,38151,0.008833320227516973
Halmstads BK,USA,Los Angeles,102,38151,0.0026735865377054335
Halmstads BK,USA,New York,73,38151,0.0019134491887499673
Halmstads BK,United Kingdom,Liverpool,36,38151,0.0009436187780136825
Halmstads BK,United Kingdom,London,61,38151,0.0015989095960787397
Halmstads BK,United Kingdom,Manchester,51,38151,0.0013367932688527167
Hammarby IF,Belgium,Antwerpen,224,128129,0.0017482381037860282
Hammarby IF,Belgium,Bruxelles,257,128129,0.002005791038718791
Hammarby IF,Denmark,Aarhus,1004,128129,0.00783585292946952
Hammarby IF,Denmark,København,1079,128129,0.008421200508862163
Hammarby IF,Denmark,Odense,1172,128129,0.00914703150730904
Hammarby IF,Estonia,Tallinn,559,128129,0.004362790625073169
Hammarby IF,Finland,Helsinki,1178,128129,0.009193859313660452
Hammarby IF,Finland,Tampere,1238,128129,0.009662137377174567
Hammarby IF,Finland,Turku,1119,128129,0.00873338588453824
Hammarby IF,France,Lyon,217,128129,0.0016936056630427149
Hammarby IF,France,Paris,212,128129,0.0016545824910832053
Hammarby IF,Germany,Berlin,135,128129,0.001053625642906758
Hammarby IF,Germany,Hamburg,123,128129,0.0009599700302039352
Hammarby IF,Germany,München,147,128129,0.001147281255609581
Hammarby IF,Iceland,Reykjavík,421,128129,0.0032857510789907046
Hammarby IF,Italy,Milano,238,128129,0.001857502985272655
Hammarby IF,Italy,Roma,253,128129,0.0019745725011511834
Hammarby IF,Netherlands,Amsterdam,238,128129,0.001857502985272655
Hammarby IF,Netherlands,Rotterdam,240,128129,0.0018731122540564587
Hammarby IF,Norway,Bergen,1147,128129,0.008951915647511492
Hammarby IF,Norway,Oslo,1164,128129,0.009084594432173824
Hammarby IF,Norway,Trondheim,1082,128129,0.008444614412037869
Hammarby IF,Poland,Kraków,213,128129,0.001662387125475107
Hammarby IF,Poland,Warszawa,237,128129,0.001849698350880753
Hammarby IF,Spain,Barcelona,238,128129,0.001857502985272655
Hammarby IF,Spain,Madrid,224,128129,0.0017482381037860282
Hammarby IF,Sweden,Borås,964,128129,0.007523667553793443
Hammarby IF,Sweden,Degerfors,268,128129,0.002091642017029712
Hammarby IF,Sweden,Eskilstuna,1203,128129,0.009388975173457999
Hammarby IF,Sweden,Falun,855,128129,0.006672962405076134
Hammarby IF,Sweden,Gävle,1762,128129,0.013751765798531167
Hammarby IF,Sweden,Göteborg,9581,128129,0.07477620210881221
Hammarby IF,Sweden,Halmstad,521,128129,0.004066214518180896
Hammarby IF,Sweden,Helsingborg,2369,128129,0.01848917887441563
Hammarby IF,Sweden,Jönköping,2429,128129,0.018957456937929742
Hammarby IF,Sweden,Kalmar,555,128129,0.004331572087505561
Hammarby IF,Sweden,Karlstad,1314,128129,0.010255289590959112
Hammarby IF,Sweden,Kristianstad,1077,128129,0.008405591240078359
Hammarby IF,Sweden,Linköping,3729,128129,0.029103481647402226
Hammarby IF,Sweden,Lund,2514,128129,0.019620850861241407
Hammarby IF,Sweden,Malmö,4817,128129,0.03759492386579151
Hammarby IF,Sweden,Norrköping,1028,128129,0.008023164154875164
Hammarby IF,Sweden,Nyköping,526,128129,0.004105237690140405
Hammarby IF,Sweden,Skövde,924,128129,0.007211482178117366
Hammarby IF,Sweden,Stockholm,61635,128129,0.4810386407448743
Hammarby IF,Sweden,Sundsvall,761,128129,0.005939326772237355
Hammarby IF,Sweden,Sölvesborg,256,128129,0.0019979864043268895
Hammarby IF,Sweden,Trollhättan,1245,128129,0.00971676981791788
Hammarby IF,Sweden,Umeå,2481,128129,0.019363297926308642
Hammarby IF,Sweden,Uppsala,1840,128129,0.014360527281099517
Hammarby IF,Sweden,Varberg,334,128129,0.002606747886895238
Hammarby IF,Sweden,Visby,666,128129,0.005197886505006673
Hammarby IF,Sweden,Värnamo,225,128129,0.00175604273817793
Hammarby IF,Sweden,Västerås,2355,128129,0.018379913992929
Hammarby IF,Sweden,Växjö,1125,128129,0.00878021369088965
Hammarby IF,Sweden,Örebro,2511,128129,0.0195974369580657
Hammarby IF,Sweden,Östersund,974,128129,0.007601713897712462
Hammarby IF,USA,Los Angeles,284,128129,0.002216516167300143
Hammarby IF,USA,New York,204,128129,0.00159214541594799
Hammarby IF,United Kingdom,Liverpool,137,128129,0.0010692349116905619
Hammarby IF,United Kingdom,London,151,128129,0.0011784997931771886
Hammarby IF,United Kingdom,Manchester,150,128129,0.0011706951587852868
Häcken,Belgium,Antwerpen,127,109921,0.0011553752240245267
Häcken,Belgium,Bruxelles,164,109921,0.0014919806042521448
Häcken,Denmark,Aarhus,614,109921,0.0055858298232366885
Häcken,Denmark,København,642,109921,0.005840558219084615
Häcken,Denmark,Odense,677,109921,0.006158968713894524
Häcken,Estonia,Tallinn,326,109921,0.0029657663230865804
Häcken,Finland,Helsinki,680,109921,0.006186261042021088
Häcken,Finland,Tampere,679,109921,0.006177163599312233
Häcken,Finland,Turku,687,109921,0.00624994314098307
Häcken,France,Lyon,123,109921,0.0011189854531891085
Häcken,France,Paris,146,109921,0.001328226635492763
Häcken,Germany,Berlin,81,109921,0.0007368928594172178
Häcken,Germany,Hamburg,64,109921,0.0005822363333666907
Häcken,Germany,München,77,109921,0.0007005030885817997
Häcken,Iceland,Reykjavík,253,109921,0.002301653005340199
Häcken,Italy,Milano,145,109921,0.0013191291927839085
Häcken,Italy,Roma,175,109921,0.0015920524740495447
Häcken,Netherlands,Amsterdam,138,109921,0.0012554470938219266
Häcken,Netherlands,Rotterdam,128,109921,0.0011644726667333813
Häcken,Norway,Bergen,673,109921,0.006122578943059106
Häcken,Norway,Oslo,646,109921,0.0058769479899200335
Häcken,Norway,Trondheim,697,109921,0.006340917568071615
Häcken,Poland,Kraków,128,109921,0.0011644726667333813
Häcken,Poland,Warszawa,135,109921,0.001228154765695363
Häcken,Spain,Barcelona,138,109921,0.0012554470938219266
Häcken,Spain,Madrid,127,109921,0.0011553752240245267
Häcken,Sweden,Borås,581,109921,0.005285614213844488
Häcken,Sweden,Degerfors,174,109921,0.00158295503134069
Häcken,Sweden,Eskilstuna,684,109921,0.006222650812856506
Häcken,Sweden,Falun,452,109921,0.004112044104402253
Häcken,Sweden,Gävle,1112,109921,0.01011635629224625
Häcken,Sweden,Göteborg,67025,109921,0.6097560975609756
Häcken,Sweden,Halmstad,274,109921,0.0024926993022261444
Häcken,Sweden,Helsingborg,1465,109921,0.013327753568471903
Häcken,Sweden,Jönköping,1464,109921,0.013318656125763047
Häcken,Sweden,Kalmar,311,109921,0.0028293046824537623
Häcken,Sweden,Karlstad,773,109921,0.00703232321394456
Häcken,Sweden,Kristianstad,599,109921,0.00544936818260387
Häcken,Sweden,Linköping,2224,109921,0.0202327125844925
Häcken,Sweden,Lund,1514,109921,0.013773528261205776
Häcken,Sweden,Malmö,2850,109921,0.025927711720235443
Häcken,Sweden,Norrköping,601,109921,0.005467563068021579
Häcken,Sweden,Nyköping,336,109921,0.0030567407501751256
Häcken,Sweden,Skövde,587,109921,0.0053401988700976155
Häcken,Sweden,Stockholm,9165,109921,0.08337806242665187
Häcken,Sweden,Sundsvall,423,109921,0.0038482182658454707
Häcken,Sweden,Sölvesborg,155,109921,0.001410103619872454
Häcken,Sweden,Trollhättan,723,109921,0.006577451078501833
Häcken,Sweden,Umeå,1390,109921,0.012645445365307812
Häcken,Sweden,Uppsala,1126,109921,0.010243720490170213
Häcken,Sweden,Varberg,208,109921,0.0018922680834417445
Häcken,Sweden,Visby,372,109921,0.003384248687693889
Häcken,Sweden,Värnamo,142,109921,0.0012918368646573448
Häcken,Sweden,Västerås,1429,109921,0.01300024563095314
Häcken,Sweden,Växjö,707,109921,0.00643189199516016
Häcken,Sweden,Örebro,1429,109921,0.01300024563095314
Häcken,Sweden,Östersund,609,109921,0.005540342609692416
Häcken,USA,Los Angeles,172,109921,0.001564760145922981
Häcken,USA,New York,118,109921,0.0010734982396448359
Häcken,United Kingdom,Liverpool,84,109921,0.0007641851875437814
Häcken,United Kingdom,London,80,109921,0.0007277954167083633
Häcken,United Kingdom,Manchester,93,109921,0.0008460621719234723
IF Elfsborg,Belgium,Antwerpen,126,74518,0.00169086663624896
IF Elfsborg,Belgium,Bruxelles,179,74518,0.0024021041895917767
IF Elfsborg,Denmark,Aarhus,701,74518,0.00940712311119461
IF Elfsborg,Denmark,København,725,74518,0.009729192946670602
IF Elfsborg,Denmark,Odense,803,74518,0.010775919911967578
IF Elfsborg,Estonia,Tallinn,391,74518,0.005247054402963042
IF Elfsborg,Finland,Helsinki,870,74518,0.011675031536004724
IF Elfsborg,Finland,Tampere,801,74518,0.010749080759011246
IF Elfsborg,Finland,Turku,803,74518,0.010775919911967578
IF Elfsborg,France,Lyon,154,74518,0.002066614777637618
IF Elfsborg,France,Paris,171,74518,0.0022947475777664456
IF Elfsborg,Germany,Berlin,99,74518,0.0013285380713384685
IF Elfsborg,Germany,Hamburg,79,74518,0.0010601465417751416
IF Elfsborg,Germany,München,109,74518,0.001462733836120132
IF Elfsborg,Iceland,Reykjavík,341,74518,0.004576075579054725
IF Elfsborg,Italy,Milano,166,74518,0.002227649695375614
IF Elfsborg,Italy,Roma,186,74518,0.002496041224938941
IF Elfsborg,Netherlands,Amsterdam,201,74518,0.002697334872111436
IF Elfsborg,Netherlands,Rotterdam,172,74518,0.002308167154244612
IF Elfsborg,Norway,Bergen,876,74518,0.011755548994873721
IF Elfsborg,Norway,Oslo,847,74518,0.011366381277006898
IF Elfsborg,Norway,Trondheim,849,74518,0.01139322042996323
IF Elfsborg,Poland,Kraków,165,74518,0.0022142301188974476
IF Elfsborg,Poland,Warszawa,156,74518,0.0020934539305939503
IF Elfsborg,Spain,Barcelona,175,74518,0.002348425883679111
IF Elfsborg,Spain,Madrid,160,74518,0.002147132236506616
IF Elfsborg,Sweden,Borås,17009,74518,0.22825357631713142
IF Elfsborg,Sweden,Degerfors,197,74518,0.002643656566198771
IF Elfsborg,Sweden,Eskilstuna,869,74518,0.011661611959526558
IF Elfsborg,Sweden,Falun,612,74518,0.008212780804637805
IF Elfsborg,Sweden,Gävle,1264,74518,0.016962344668402265
IF Elfsborg,Sweden,Göteborg,6475,74518,0.08689175769612711
IF Elfsborg,Sweden,Halmstad,385,74518,0.0051665369440940445
IF Elfsborg,Sweden,Helsingborg,1710,74518,0.022947475777664456
IF Elfsborg,Sweden,Jönköping,1657,74518,0.02223623822432164
IF Elfsborg,Sweden,Kalmar,355,74518,0.004763949649749054
IF Elfsborg,Sweden,Karlstad,996,74518,0.013365898172253683
IF Elfsborg,Sweden,Kristianstad,765,74518,0.010265976005797256
IF Elfsborg,Sweden,Linköping,2669,74518,0.035816849620225986
IF Elfsborg,Sweden,Lund,1754,74518,0.023537937142703778
IF Elfsborg,Sweden,Malmö,3224,74518,0.043264714565608306
IF Elfsborg,Sweden,Norrköping,732,74518,0.009823129982017767
IF Elfsborg,Sweden,Nyköping,371,74518,0.004978662873399715
IF Elfsborg,Sweden,Skövde,678,74518,0.009098472852196785
IF Elfsborg,Sweden,Stockholm,11172,74518,0.14992350841407445
IF Elfsborg,Sweden,Sundsvall,559,74518,0.007501543251294989
IF Elfsborg,Sweden,Sölvesborg,175,74518,0.002348425883679111
IF Elfsborg,Sweden,Trollhättan,903,74518,0.012117877559784213
IF Elfsborg,Sweden,Umeå,1735,74518,0.023282965189618615
IF Elfsborg,Sweden,Uppsala,1365,74518,0.018317721892697068
IF Elfsborg,Sweden,Varberg,252,74518,0.00338173327249792
IF Elfsborg,Sweden,Visby,500,74518,0.006709788239083175
IF Elfsborg,Sweden,Värnamo,180,74518,0.002415523766069943
IF Elfsborg,Sweden,Västerås,1678,74518,0.022518049330363134
IF Elfsborg,Sweden,Växjö,819,74518,0.01099063313561824
IF Elfsborg,Sweden,Örebro,1772,74518,0.02377948951931077
IF Elfsborg,Sweden,Östersund,746,74518,0.010011004052712097
IF Elfsborg,USA,Los Angeles,191,74518,0.0025631391073297725
IF Elfsborg,USA,New York,152,74518,0.002039775624681285
IF Elfsborg,United Kingdom,Liverpool,86,74518,0.001154083577122306
IF Elfsborg,United Kingdom,London,94,74518,0.0012614401889476368
IF Elfsborg,United Kingdom,Manchester,112,74518,0.001502992565554631
IFK Göteborg,Belgium,Antwerpen,174,102116,0.0017039445336675936
IFK Göteborg,Belgium,Bruxelles,191,102116,0.0018704218731638528
IFK Göteborg,Denmark,Aarhus,735,102116,0.007197696737044146
IFK Göteborg,Denmark,København,741,102116,0.0072564534451016495
IFK Göteborg,Denmark,Odense,865,102116,0.008470758744956716
IFK Göteborg,Estonia,Tallinn,415,102116,0.0040640056406439735
IFK Göteborg,Finland,Helsinki,859,102116,0.008412002036899213
IFK Göteborg,Finland,Tampere,855,102116,0.008372830898194211
IFK Göteborg,Finland,Turku,808,102116,0.007912570018410435
IFK Göteborg,France,Lyon,143,102116,0.001400368208703827
IFK Göteborg,France,Paris,186,102116,0.0018214579497826
IFK Göteborg,Germany,Berlin,96,102116,0.0009401073289200517
IFK Göteborg,Germany,Hamburg,72,102116,0.0007050804966900388
IFK Göteborg,Germany,München,92,102116,0.0009009361902150495
IFK Göteborg,Iceland,Reykjavík,371,102116,0.0036331231148889497
IFK Göteborg,Italy,Milano,159,102116,0.0015570527635238357
IFK Göteborg,Italy,Roma,202,102116,0.001978142504602609
IFK Göteborg,Netherlands,Amsterdam,204,102116,0.0019977280739551097
IFK Göteborg,Netherlands,Rotterdam,186,102116,0.0018214579497826
IFK Göteborg,Norway,Bergen,851,102116,0.008333659759489208
IFK Göteborg,Norway,Oslo,849,102116,0.008314074190136708
IFK Göteborg,Norway,Trondheim,822,102116,0.008049669003877942
IFK Göteborg,Poland,Kraków,162,102116,0.0015864311175525871
IFK Göteborg,Poland,Warszawa,185,102116,0.0018116651651063497
IFK Göteborg,Spain,Barcelona,175,102116,0.0017137373183438442
IFK Göteborg,Spain,Madrid,181,102116,0.0017724940264013476
IFK Göteborg,Sweden,Borås,695,102116,0.0068059853499941245
IFK Göteborg,Sweden,Degerfors,200,102116,0.0019585569352501076
IFK Göteborg,Sweden,Eskilstuna,876,102116,0.008578479376395472
IFK Göteborg,Sweden,Falun,612,102116,0.005993184221865329
IFK Göteborg,Sweden,Gävle,1276,102116,0.012495593246895687
IFK Göteborg,Sweden,Göteborg,48303,102116,0.4730208782169298
IFK Göteborg,Sweden,Halmstad,385,102116,0.0037702221003564572
IFK Göteborg,Sweden,Helsingborg,1695,102116,0.01659877002624466
IFK Göteborg,Sweden,Jönköping,1730,102116,0.016941517489913432
IFK Göteborg,Sweden,Kalmar,388,102116,0.003799600454385209
IFK Göteborg,Sweden,Karlstad,1010,102116,0.009890712523013044
IFK Göteborg,Sweden,Kristianstad,754,102116,0.007383759645892906
IFK Göteborg,Sweden,Linköping,2755,102116,0.026979121783070235
IFK Göteborg,Sweden,Lund,1809,102116,0.017715147479337223
IFK Göteborg,Sweden,Malmö,3561,102116,0.03487210623212817
IFK Göteborg,Sweden,Norrköping,729,102116,0.007138940028986643
IFK Göteborg,Sweden,Nyköping,415,102116,0.0040640056406439735
IFK Göteborg,Sweden,Skövde,792,102116,0.007755885463590426
IFK Göteborg,Sweden,Stockholm,12020,102116,0.11770927180853147
IFK Göteborg,Sweden,Sundsvall,530,102116,0.005190175878412785
IFK Göteborg,Sweden,Sölvesborg,182,102116,0.001782286811077598
IFK Göteborg,Sweden,Trollhättan,951,102116,0.009312938227114263
IFK Göteborg,Sweden,Umeå,1715,102116,0.016794625719769675
IFK Göteborg,Sweden,Uppsala,1411,102116,0.01381761917818951
IFK Göteborg,Sweden,Varberg,257,102116,0.0025167456617963884
IFK Göteborg,Sweden,Visby,489,102116,0.0047886717066865135
IFK Göteborg,Sweden,Värnamo,197,102116,0.0019291785812213561
IFK Göteborg,Sweden,Västerås,1771,102116,0.017343021661639705
IFK Göteborg,Sweden,Växjö,790,102116,0.007736299894237925
IFK Göteborg,Sweden,Örebro,1833,102116,0.017950174311567237
IFK Göteborg,Sweden,Östersund,745,102116,0.007295624583806651
IFK Göteborg,USA,Los Angeles,214,102116,0.002095655920717615
IFK Göteborg,USA,New York,163,102116,0.0015962239022288378
IFK Göteborg,United Kingdom,Liverpool,98,102116,0.0009596928982725527
IFK Göteborg,United Kingdom,London,99,102116,0.0009694856829488033
IFK Göteborg,United Kingdom,Manchester,87,102116,0.0008519722668337968
IFK Norrköping,Belgium,Antwerpen,124,65241,0.0019006452997348293
IFK Norrköping,Belgium,Bruxelles,160,65241,0.002452445548044941
IFK Norrköping,Denmark,Aarhus,626,65241,0.009595193206725833
IFK Norrköping,Denmark,København,602,65241,0.00922732637451909
IFK Norrköping,Denmark,Odense,663,65241,0.010162321239711225
IFK Norrköping,Estonia,Tallinn,319,65241,0.004889563311414601
IFK Norrköping,Finland,Helsinki,680,65241,0.010422893579191
IFK Norrköping,Finland,Tampere,659,65241,0.010101010101010102
IFK Norrköping,Finland,Turku,659,65241,0.010101010101010102
IFK Norrköping,France,Lyon,135,65241,0.002069250931162919
IFK Norrköping,France,Paris,142,65241,0.002176545423889885
IFK Norrköping,Germany,Berlin,87,65241,0.0013335172667494368
IFK Norrköping,Germany,Hamburg,60,65241,0.0009196670805168529
IFK Norrköping,Germany,München,83,65241,0.0012722061280483132
IFK Norrköping,Iceland,Reykjavík,280,65241,0.004291779709078647
IFK Norrköping,Italy,Milano,127,65241,0.001946628653760672
IFK Norrköping,Italy,Roma,154,65241,0.0023604788399932556
IFK Norrköping,Netherlands,Amsterdam,157,65241,0.0024064621940190984
IFK Norrköping,Netherlands,Rotterdam,127,65241,0.001946628653760672
IFK Norrköping,Norway,Bergen,686,65241,0.010514860287242685
IFK Norrköping,Norway,Oslo,685,65241,0.010499532502567403
IFK Norrköping,Norway,Trondheim,656,65241,0.010055026746984259
IFK Norrköping,Poland,Kraków,132,65241,0.0020232675771370764
IFK Norrköping,Poland,Warszawa,148,65241,0.0022685121319415704
IFK Norrköping,Spain,Barcelona,144,65241,0.002207200993240447
IFK Norrköping,Spain,Madrid,154,65241,0.0023604788399932556
IFK Norrköping,Sweden,Borås,560,65241,0.008583559418157295
IFK Norrköping,Sweden,Degerfors,157,65241,0.0024064621940190984
IFK Norrköping,Sweden,Eskilstuna,709,65241,0.010867399334774146
IFK Norrköping,Sweden,Falun,518,65241,0.007939792461795497
IFK Norrköping,Sweden,Gävle,1087,65241,0.016661301942030318
IFK Norrköping,Sweden,Göteborg,5452,65241,0.08356708204963137
IFK Norrköping,Sweden,Halmstad,307,65241,0.004705629895311231
IFK Norrköping,Sweden,Helsingborg,1338,65241,0.02050857589552582
IFK Norrköping,Sweden,Jönköping,1430,65241,0.02191873208565166
IFK Norrköping,Sweden,Kalmar,276,65241,0.004230468570377523
IFK Norrköping,Sweden,Karlstad,760,65241,0.01164911635321347
IFK Norrköping,Sweden,Kristianstad,633,65241,0.009702487699452799
IFK Norrköping,Sweden,Linköping,2187,65241,0.033521865084839286
IFK Norrköping,Sweden,Lund,1522,65241,0.0233288882757775
IFK Norrköping,Sweden,Malmö,2848,65241,0.043653530755199954
IFK Norrköping,Sweden,Norrköping,17360,65241,0.2660903419628761
IFK Norrköping,Sweden,Nyköping,306,65241,0.0046903021106359495
IFK Norrköping,Sweden,Skövde,599,65241,0.009181343020493248
IFK Norrköping,Sweden,Stockholm,9423,65241,0.14443371499517174
IFK Norrköping,Sweden,Sundsvall,412,65241,0.006315047286215723
IFK Norrköping,Sweden,Sölvesborg,168,65241,0.002575067825447188
IFK Norrköping,Sweden,Trollhättan,736,65241,0.01128124952100673
IFK Norrköping,Sweden,Umeå,1459,65241,0.022363237841234805
IFK Norrköping,Sweden,Uppsala,1082,65241,0.016584663018653915
IFK Norrköping,Sweden,Varberg,213,65241,0.003264818135834828
IFK Norrköping,Sweden,Visby,350,65241,0.005364724636348309
IFK Norrköping,Sweden,Värnamo,118,65241,0.001808678591683144
IFK Norrköping,Sweden,Västerås,1422,65241,0.021796109808249413
IFK Norrköping,Sweden,Växjö,724,65241,0.011097316104903358
IFK Norrköping,Sweden,Örebro,1497,65241,0.02294569365889548
IFK Norrköping,Sweden,Östersund,553,65241,0.008476264925430327
IFK Norrköping,USA,Los Angeles,179,65241,0.002743673456875278
IFK Norrköping,USA,New York,114,65241,0.0017473674529820205
IFK Norrköping,United Kingdom,Liverpool,95,65241,0.0014561395441516837
IFK Norrköping,United Kingdom,London,99,65241,0.0015174506828528073
IFK Norrköping,United Kingdom,Manchester,99,65241,0.0015174506828528073
Kalmar FF,Belgium,Antwerpen,112,47322,0.0023667638730400235
Kalmar FF,Belgium,Bruxelles,120,47322,0.0025358184354000255
Kalmar FF,Denmark,Aarhus,507,47322,0.010713832889565107
Kalmar FF,Denmark,København,529,47322,0.011178732936055112
Kalmar FF,Denmark,Odense,547,47322,0.011559105701365115
Kalmar FF,Estonia,Tallinn,271,47322,0.005726723299945057
Kalmar FF,Finland,Helsinki,531,47322,0.011220996576645112
Kalmar FF,Finland,Tampere,559,47322,0.011812687544905118
Kalmar FF,Finland,Turku,549,47322,0.011601369341955116
Kalmar FF,France,Lyon,96,47322,0.0020286547483200205
Kalmar FF,France,Paris,86,47322,0.0018173365453700182
Kalmar FF,Germany,Berlin,65,47322,0.0013735683191750138
Kalmar FF,Germany,Hamburg,47,47322,0.00099319555386501
Kalmar FF,Germany,München,60,47322,0.0012679092177000128
Kalmar FF,Iceland,Reykjavík,205,47322,0.004332023160475043
Kalmar FF,Italy,Milano,104,47322,0.002197709310680022
Kalmar FF,Italy,Roma,140,47322,0.0029584548413000298
Kalmar FF,Netherlands,Amsterdam,117,47322,0.002472422974515025
Kalmar FF,Netherlands,Rotterdam,113,47322,0.002387895693335024
Kalmar FF,Norway,Bergen,528,47322,0.011157601115760111
Kalmar FF,Norway,Oslo,556,47322,0.011749292084020117
Kalmar FF,Norway,Trondheim,528,47322,0.011157601115760111
Kalmar FF,Poland,Kraków,93,47322,0.00196525928743502
Kalmar FF,Poland,Warszawa,137,47322,0.002895059380415029
Kalmar FF,Spain,Barcelona,96,47322,0.0020286547483200205
Kalmar FF,Spain,Madrid,128,47322,0.002704872997760027
Kalmar FF,Sweden,Borås,497,47322,0.010502514686615104
Kalmar FF,Sweden,Degerfors,122,47322,0.0025780820759900257
Kalmar FF,Sweden,Eskilstuna,568,47322,0.01200287392756012
Kalmar FF,Sweden,Falun,400,47322,0.008452728118000085
Kalmar FF,Sweden,Gävle,897,47322,0.01895524280461519
Kalmar FF,Sweden,Göteborg,4200,47322,0.08875364523900088
Kalmar FF,Sweden,Halmstad,253,47322,0.005346350534635054
Kalmar FF,Sweden,Helsingborg,1150,47322,0.024301593339250242
Kalmar FF,Sweden,Jönköping,1146,47322,0.024217066058070242
Kalmar FF,Sweden,Kalmar,8872,47322,0.18748150965724186
Kalmar FF,Sweden,Karlstad,587,47322,0.012404378513165124
Kalmar FF,Sweden,Kristianstad,493,47322,0.010417987405435104
Kalmar FF,Sweden,Linköping,1760,47322,0.037192003719200374
Kalmar FF,Sweden,Lund,1240,47322,0.026203457165800262
Kalmar FF,Sweden,Malmö,2324,47322,0.049110350365580493
Kalmar FF,Sweden,Norrköping,499,47322,0.010544778327205106
Kalmar FF,Sweden,Nyköping,260,47322,0.005494273276700055
Kalmar FF,Sweden,Skövde,438,47322,0.009255737289210093
Kalmar FF,Sweden,Stockholm,7378,47322,0.15591057013651155
Kalmar FF,Sweden,Sundsvall,312,47322,0.006593127932040066
Kalmar FF,Sweden,Sölvesborg,113,47322,0.002387895693335024
Kalmar FF,Sweden,Trollhättan,580,47322,0.012256455771100122
Kalmar FF,Sweden,Umeå,1155,47322,0.024407252440725245
Kalmar FF,Sweden,Uppsala,887,47322,0.01874392460166519
Kalmar FF,Sweden,Varberg,162,47322,0.003423354887790034
Kalmar FF,Sweden,Visby,312,47322,0.006593127932040066
Kalmar FF,Sweden,Värnamo,132,47322,0.002789400278940028
Kalmar FF,Sweden,Västerås,1150,47322,0.024301593339250242
Kalmar FF,Sweden,Växjö,553,47322,0.011685896623135118
Kalmar FF,Sweden,Örebro,1204,47322,0.025442711635180255
Kalmar FF,Sweden,Östersund,439,47322,0.009276869109505093
Kalmar FF,USA,Los Angeles,120,47322,0.0025358184354000255
Kalmar FF,USA,New York,95,47322,0.00200752292802502
Kalmar FF,United Kingdom,Liverpool,65,47322,0.0013735683191750138
Kalmar FF,United Kingdom,London,72,47322,0.0015214910612400153
Kalmar FF,United Kingdom,Manchester,63,47322,0.0013313046785850132
Malmö FF,Belgium,Antwerpen,1108,254395,0.004355431513984158
Malmö FF,Belgium,Bruxelles,1324,254395,0.005204504805518977
Malmö FF,Denmark,Aarhus,5361,254395,0.021073527388509993
Malmö FF,Denmark,København,5402,254395,0.02123469407810688
Malmö FF,Denmark,Odense,5984,254395,0.023522474891409028
Malmö FF,Estonia,Tallinn,2804,254395,0.011022229210479765
Malmö FF,Finland,Helsinki,6004,254395,0.023601092788773363
Malmö FF,Finland,Tampere,5867,254395,0.02306256019182767
Malmö FF,Finland,Turku,5917,254395,0.023259104935238507
Malmö FF,France,Lyon,1121,254395,0.0044065331472709765
Malmö FF,France,Paris,1233,254395,0.004846793372511252
Malmö FF,Germany,Berlin,690,254395,0.0027123174590695572
Malmö FF,Germany,Hamburg,579,254395,0.002275988128697498
Malmö FF,Germany,München,741,254395,0.0029127930973486113
Malmö FF,Iceland,Reykjavík,2252,254395,0.00885237524322412
Malmö FF,Italy,Milano,1159,254395,0.004555907152263213
Malmö FF,Italy,Roma,1333,254395,0.005239882859332927
Malmö FF,Netherlands,Amsterdam,1327,254395,0.0052162974901236265
Malmö FF,Netherlands,Rotterdam,1207,254395,0.004744590105937617
Malmö FF,Norway,Bergen,5964,254395,0.023443856994044693
Malmö FF,Norway,Oslo,5895,254395,0.02317262524813774
Malmö FF,Norway,Trondheim,5706,254395,0.022429686118044773
Malmö FF,Poland,Kraków,1187,254395,0.004665972208573282
Malmö FF,Poland,Warszawa,1292,254395,0.005078716169736041
Malmö FF,Spain,Barcelona,1205,254395,0.004736728316201183
Malmö FF,Spain,Madrid,1269,254395,0.004988305587767055
Malmö FF,Sweden,Borås,1336,254395,0.005251675543937577
Malmö FF,Sweden,Degerfors,395,254395,0.0015527034729456162
Malmö FF,Sweden,Eskilstuna,1705,254395,0.006702175750309558
Malmö FF,Sweden,Falun,1230,254395,0.004835000687906602
Malmö FF,Sweden,Gävle,2541,254395,0.00998840386013876
Malmö FF,Sweden,Göteborg,13009,254395,0.05113701134063169
Malmö FF,Sweden,Halmstad,765,254395,0.0030071345741858133
Malmö FF,Sweden,Helsingborg,3386,254395,0.013310010023781915
Malmö FF,Sweden,Jönköping,3406,254395,0.01338862792114625
Malmö FF,Sweden,Kalmar,757,254395,0.0029756874152400796
Malmö FF,Sweden,Karlstad,1853,254395,0.007283948190805637
Malmö FF,Sweden,Kristianstad,1417,254395,0.005570078028263134
Malmö FF,Sweden,Linköping,5326,254395,0.020935946068122407
Malmö FF,Sweden,Lund,3568,254395,0.014025432889797362
Malmö FF,Sweden,Malmö,88021,254395,0.34600129719530653
Malmö FF,Sweden,Norrköping,1399,254395,0.005499321920635233
Malmö FF,Sweden,Nyköping,779,254395,0.003062167102340848
Malmö FF,Sweden,Skövde,1341,254395,0.005271330018278661
Malmö FF,Sweden,Stockholm,22447,254395,0.08823679710686137
Malmö FF,Sweden,Sundsvall,1021,254395,0.004013443660449301
Malmö FF,Sweden,Sölvesborg,333,254395,0.0013089879911161776
Malmö FF,Sweden,Trollhättan,1756,254395,0.006902651388588612
Malmö FF,Sweden,Umeå,3454,254395,0.013577310874820652
Malmö FF,Sweden,Uppsala,2750,254395,0.010809960887596061
Malmö FF,Sweden,Varberg,504,254395,0.001981171013581242
Malmö FF,Sweden,Visby,903,254395,0.003549598065999725
Malmö FF,Sweden,Värnamo,332,254395,0.0013050570962479609
Malmö FF,Sweden,Västerås,3291,254395,0.012936575011301323
Malmö FF,Sweden,Växjö,1619,254395,0.006364118791642917
Malmö FF,Sweden,Örebro,3609,254395,0.014186599579394249
Malmö FF,Sweden,Östersund,1327,254395,0.0052162974901236265
Malmö FF,USA,Los Angeles,1456,254395,0.0057233829281235875
Malmö FF,USA,New York,1154,254395,0.004536252677922129
Malmö FF,United Kingdom,Liverpool,693,254395,0.0027241101436742076
Malmö FF,United Kingdom,London,789,254395,0.0031014760510230154
Malmö FF,United Kingdom,Manchester,792,254395,0.0031132687356276658
Mjällby AIF,Belgium,Antwerpen,74,33217,0.00222777493452148
Mjällby AIF,Belgium,Bruxelles,90,33217,0.002709456001445043
Mjällby AIF,Denmark,Aarhus,390,33217,0.011740976006261854
Mjällby AIF,Denmark,København,399,33217,0.012011921606406357
Mjällby AIF,Denmark,Odense,410,33217,0.012343077339916308
Mjällby AIF,Estonia,Tallinn,183,33217,0.005509227202938254
Mjällby AIF,Finland,Helsinki,439,33217,0.013216124273715267
Mjällby AIF,Finland,Tampere,388,33217,0.011680765872896409
Mjällby AIF,Finland,Turku,442,33217,0.013306439473763435
Mjällby AIF,France,Lyon,70,33217,0.002107354667790589
Mjällby AIF,France,Paris,83,33217,0.002498720534665984
Mjällby AIF,Germany,Berlin,53,33217,0.0015955685341843032
Mjällby AIF,Germany,Hamburg,39,33217,0.0011740976006261853
Mjällby AIF,Germany,München,53,33217,0.0015955685341843032
Mjällby AIF,Iceland,Reykjavík,167,33217,0.005027546136014692
Mjällby AIF,Italy,Milano,90,33217,0.002709456001445043
Mjällby AIF,Italy,Roma,97,33217,0.0029201914682241022
Mjällby AIF,Netherlands,Amsterdam,93,33217,0.0027997712014932114
Mjällby AIF,Netherlands,Rotterdam,90,33217,0.002709456001445043
Mjällby AIF,Norway,Bergen,411,33217,0.01237318240659903
Mjällby AIF,Norway,Oslo,439,33217,0.013216124273715267
Mjällby AIF,Norway,Trondheim,375,33217,0.011289400006021013
Mjällby AIF,Poland,Kraków,89,33217,0.0026793509347623205
Mjällby AIF,Poland,Warszawa,81,33217,0.002438510401300539
Mjällby AIF,Spain,Barcelona,83,33217,0.002498720534665984
Mjällby AIF,Spain,Madrid,97,33217,0.0029201914682241022
Mjällby AIF,Sweden,Borås,325,33217,0.009784146671884878
Mjällby AIF,Sweden,Degerfors,81,33217,0.002438510401300539
Mjällby AIF,Sweden,Eskilstuna,435,33217,0.013095704006984376
Mjällby AIF,Sweden,Falun,304,33217,0.009151940271547702
Mjällby AIF,Sweden,Gävle,609,33217,0.018333985609778124
Mjällby AIF,Sweden,Göteborg,3186,33217,0.09591474245115453
Mjällby AIF,Sweden,Halmstad,192,33217,0.005780172803082759
Mjällby AIF,Sweden,Helsingborg,864,33217,0.026010777613872414
Mjällby AIF,Sweden,Jönköping,855,33217,0.025739832013727912
Mjällby AIF,Sweden,Kalmar,193,33217,0.005810277869765482
Mjällby AIF,Sweden,Karlstad,451,33217,0.013577385073907938
Mjällby AIF,Sweden,Kristianstad,392,33217,0.0118011861396273
Mjällby AIF,Sweden,Linköping,1291,33217,0.03886564108739501
Mjällby AIF,Sweden,Lund,932,33217,0.028057922148297557
Mjällby AIF,Sweden,Malmö,1713,33217,0.05156997922750399
Mjällby AIF,Sweden,Norrköping,339,33217,0.010205617605442996
Mjällby AIF,Sweden,Nyköping,188,33217,0.005659752536351868
Mjällby AIF,Sweden,Skövde,360,33217,0.010837824005780173
Mjällby AIF,Sweden,Stockholm,5608,33217,0.1688292139567089
Mjällby AIF,Sweden,Sundsvall,266,33217,0.00800794773760424
Mjällby AIF,Sweden,Sölvesborg,4098,33217,0.12337056326579764
Mjällby AIF,Sweden,Trollhättan,460,33217,0.013848330674052443
Mjällby AIF,Sweden,Umeå,863,33217,0.025980672547189693
Mjällby AIF,Sweden,Uppsala,654,33217,0.019688713610500647
Mjällby AIF,Sweden,Varberg,130,33217,0.003913658668753951
Mjällby AIF,Sweden,Visby,245,33217,0.007375741337267062
Mjällby AIF,Sweden,Värnamo,84,33217,0.002528825601348707
Mjällby AIF,Sweden,Västerås,872,33217,0.026251618147334198
Mjällby AIF,Sweden,Växjö,385,33217,0.011590450672848241
Mjällby AIF,Sweden,Örebro,944,33217,0.028419182948490232
Mjällby AIF,Sweden,Östersund,358,33217,0.010777613872414727
Mjällby AIF,USA,Los Angeles,103,33217,0.0031008218683204383
Mjällby AIF,USA,New York,72,33217,0.0021675648011560346
Mjällby AIF,United Kingdom,Liverpool,43,33217,0.0012945178673570762
Mjällby AIF,United Kingdom,London,55,33217,0.0016557786675497487
Mjällby AIF,United Kingdom,Manchester,42,33217,0.0012644128006743536
SEF,Belgium,Antwerpen,209,147485,0.0014170932637217345
SEF,Belgium,Bruxelles,262,147485,0.0017764518425602603
SEF,Denmark,Aarhus,1082,147485,0.007336339288741228
SEF,Denmark,København,1150,147485,0.007797403125741601
SEF,Denmark,Odense,1162,147485,0.007878767332271079
SEF,Estonia,Tallinn,542,147485,0.0036749499949147372
SEF,Finland,Helsinki,1206,147485,0.008177102756212496
SEF,Finland,Tampere,1210,147485,0.008204224158388989
SEF,Finland,Turku,1175,147485,0.00796691188934468
SEF,France,Lyon,217,147485,0.0014713360680747194
SEF,France,Paris,219,147485,0.0014848967691629658
SEF,Germany,Berlin,172,147485,0.0011662202935891785
SEF,Germany,Hamburg,119,147485,0.0008068617147506526
SEF,Germany,München,142,147485,0.0009628097772654846
SEF,Iceland,Reykjavík,469,147485,0.0031799844051937486
SEF,Italy,Milano,240,147485,0.0016272841305895514
SEF,Italy,Roma,247,147485,0.0016747465843984133
SEF,Netherlands,Amsterdam,249,147485,0.0016883072854866597
SEF,Netherlands,Rotterdam,252,147485,0.001708648337119029
SEF,Norway,Bergen,1318,147485,0.008936502017154287
SEF,Norway,Oslo,1222,147485,0.008285588364918467
SEF,Norway,Trondheim,1178,147485,0.007987252940977048
SEF,Poland,Kraków,222,147485,0.0015052378207953351
SEF,Poland,Warszawa,271,147485,0.0018374749974573686
SEF,Spain,Barcelona,235,147485,0.0015933823778689358
SEF,Spain,Madrid,259,147485,0.001756110790927891
SEF,Sweden,Borås,1046,147485,0.007092246669152795
SEF,Sweden,Degerfors,255,147485,0.0017289893887513985
SEF,Sweden,Eskilstuna,1316,147485,0.00892294131606604
SEF,Sweden,Falun,926,147485,0.006278604603858019
SEF,Sweden,Gävle,1879,147485,0.012740278672407363
SEF,Sweden,Göteborg,9804,147485,0.06647455673458318
SEF,Sweden,Halmstad,578,147485,0.00391904261450317
SEF,Sweden,Helsingborg,2498,147485,0.016937315659219583
SEF,Sweden,Jönköping,2540,147485,0.017222090382072754
SEF,Sweden,Kalmar,547,147485,0.003708851747635353
SEF,Sweden,Karlstad,1311,147485,0.008889039563345425
SEF,Sweden,Kristianstad,1099,147485,0.007451605247991321
SEF,Sweden,Linköping,4075,147485,0.027629928467301758
SEF,Sweden,Lund,2651,147485,0.01797470929247042
SEF,Sweden,Malmö,5194,147485,0.035217140726175544
SEF,Sweden,Norrköping,1012,147485,0.006861714750652608
SEF,Sweden,Nyköping,502,147485,0.0034037359731498118
SEF,Sweden,Skövde,1013,147485,0.006868495101196732
SEF,Sweden,Stockholm,77715,147485,0.5269349425365292
SEF,Sweden,Sundsvall,770,147485,0.005220869918974811
SEF,Sweden,Sölvesborg,262,147485,0.0017764518425602603
SEF,Sweden,Trollhättan,1209,147485,0.008197443807844866
SEF,Sweden,Umeå,2595,147485,0.017595009661999526
SEF,Sweden,Uppsala,2020,147485,0.013696308099128725
SEF,Sweden,Varberg,347,147485,0.0023527816388107265
SEF,Sweden,Visby,679,147485,0.004603858019459606
SEF,Sweden,Värnamo,236,147485,0.001600162728413059
SEF,Sweden,Västerås,2560,147485,0.017357697392955215
SEF,Sweden,Växjö,1199,147485,0.008129640302403634
SEF,Sweden,Örebro,2586,147485,0.017533986507102417
SEF,Sweden,Östersund,1050,147485,0.007119368071329288
SEF,USA,Los Angeles,277,147485,0.0018781571007221074
SEF,USA,New York,214,147485,0.0014509950164423501
SEF,United Kingdom,Liverpool,148,147485,0.0010034918805302234
SEF,United Kingdom,London,163,147485,0.0011051971386920705
SEF,United Kingdom,Manchester,180,147485,0.0012204630979421637
Sirius,Belgium,Antwerpen,83,60788,0.0013654010659998684
Sirius,Belgium,Bruxelles,100,60788,0.0016450615253010463
Sirius,Denmark,Aarhus,358,60788,0.005889320260577746
Sirius,Denmark,København,357,60788,0.005872869645324735
Sirius,Denmark,Odense,404,60788,0.006646048562216227
Sirius,Estonia,Tallinn,186,60788,0.003059814437059946
Sirius,Finland,Helsinki,399,60788,0.006563795485951175
Sirius,Finland,Tampere,404,60788,0.006646048562216227
Sirius,Finland,Turku,403,60788,0.006629597946963216
Sirius,France,Lyon,89,60788,0.0014641047575179311
Sirius,France,Paris,93,60788,0.001529907218529973
Sirius,Germany,Berlin,46,60788,0.0007567283016384813
Sirius,Germany,Hamburg,46,60788,0.0007567283016384813
Sirius,Germany,München,45,60788,0.0007402776863854708
Sirius,Iceland,Reykjavík,159,60788,0.0026156478252286636
Sirius,Italy,Milano,77,60788,0.0012666973744818056
Sirius,Italy,Roma,97,60788,0.001595709679542015
Sirius,Netherlands,Amsterdam,81,60788,0.0013324998354938475
Sirius,Netherlands,Rotterdam,88,60788,0.0014476541422649208
Sirius,Norway,Bergen,419,60788,0.006892807791011384
Sirius,Norway,Oslo,357,60788,0.005872869645324735
Sirius,Norway,Trondheim,392,60788,0.006448641179180101
Sirius,Poland,Kraków,65,60788,0.00106928999144568
Sirius,Poland,Warszawa,79,60788,0.0012995986049878264
Sirius,Spain,Barcelona,78,60788,0.0012831479897348161
Sirius,Spain,Madrid,98,60788,0.0016121602947950253
Sirius,Sweden,Borås,326,60788,0.005362900572481411
Sirius,Sweden,Degerfors,113,60788,0.0018589195235901822
Sirius,Sweden,Eskilstuna,423,60788,0.006958610252023426
Sirius,Sweden,Falun,277,60788,0.004556820425083898
Sirius,Sweden,Gävle,565,60788,0.00929459761795091
Sirius,Sweden,Göteborg,3237,60788,0.05325064157399487
Sirius,Sweden,Halmstad,180,60788,0.0029611107455418833
Sirius,Sweden,Helsingborg,866,60788,0.01424623280910706
Sirius,Sweden,Jönköping,845,60788,0.013900769888793841
Sirius,Sweden,Kalmar,205,60788,0.0033723761268671447
Sirius,Sweden,Karlstad,487,60788,0.008011449628216096
Sirius,Sweden,Kristianstad,395,60788,0.006497993024939133
Sirius,Sweden,Linköping,1361,60788,0.02238928735934724
Sirius,Sweden,Lund,871,60788,0.014328485885372113
Sirius,Sweden,Malmö,1667,60788,0.02742317562676844
Sirius,Sweden,Norrköping,364,60788,0.005988023952095809
Sirius,Sweden,Nyköping,173,60788,0.0028459564387708102
Sirius,Sweden,Skövde,356,60788,0.0058564190300717245
Sirius,Sweden,Stockholm,5615,60788,0.09237020464565375
Sirius,Sweden,Sundsvall,262,60788,0.004310061196288741
Sirius,Sweden,Sölvesborg,87,60788,0.0014312035270119103
Sirius,Sweden,Trollhättan,460,60788,0.007567283016384813
Sirius,Sweden,Umeå,854,60788,0.014048825426070935
Sirius,Sweden,Uppsala,32520,60788,0.5349740080279003
Sirius,Sweden,Varberg,134,60788,0.002204382443903402
Sirius,Sweden,Visby,215,60788,0.0035368822793972496
Sirius,Sweden,Värnamo,73,60788,0.0012008949134697637
Sirius,Sweden,Västerås,885,60788,0.014558794498914259
Sirius,Sweden,Växjö,436,60788,0.007172468250312562
Sirius,Sweden,Örebro,882,60788,0.014509442653155229
Sirius,Sweden,Östersund,330,60788,0.005428703033493453
Sirius,USA,Los Angeles,92,60788,0.0015134566032769625
Sirius,USA,New York,66,60788,0.0010857406066986906
Sirius,United Kingdom,Liverpool,58,60788,0.0009541356846746068
Sirius,United Kingdom,London,47,60788,0.0007731789168914918
Sirius,United Kingdom,Manchester,58,60788,0.0009541356846746068
Varbergs BoIS,Belgium,Antwerpen,44,25353,0.0017354948132370922
Varbergs BoIS,Belgium,Bruxelles,62,25353,0.0024454699641068118
Varbergs BoIS,Denmark,Aarhus,250,25353,0.00986076598430166
Varbergs BoIS,Denmark,København,255,25353,0.010057981303987693
Varbergs BoIS,Denmark,Odense,288,25353,0.011359602413915513
Varbergs BoIS,Estonia,Tallinn,138,25353,0.005443142823334517
Varbergs BoIS,Finland,Helsinki,269,25353,0.010610184199108587
Varbergs BoIS,Finland,Tampere,255,25353,0.010057981303987693
Varbergs BoIS,Finland,Turku,273,25353,0.010767956454857413
Varbergs BoIS,France,Lyon,41,25353,0.0016171656214254723
Varbergs BoIS,France,Paris,43,25353,0.0016960517492998857
Varbergs BoIS,Germany,Berlin,25,25353,0.000986076598430166
Varbergs BoIS,Germany,Hamburg,24,25353,0.0009466335344929594
Varbergs BoIS,Germany,München,34,25353,0.0013410641738650258
Varbergs BoIS,Iceland,Reykjavík,105,25353,0.004141521713406697
Varbergs BoIS,Italy,Milano,57,25353,0.0022482546444207788
Varbergs BoIS,Italy,Roma,63,25353,0.0024849130280440185
Varbergs BoIS,Netherlands,Amsterdam,63,25353,0.0024849130280440185
Varbergs BoIS,Netherlands,Rotterdam,45,25353,0.001774937877174299
Varbergs BoIS,Norway,Bergen,263,25353,0.010373525815485347
Varbergs BoIS,Norway,Oslo,260,25353,0.010255196623673727
Varbergs BoIS,Norway,Trondheim,271,25353,0.010689070326983
Varbergs BoIS,Poland,Kraków,54,25353,0.002129925452609159
Varbergs BoIS,Poland,Warszawa,78,25353,0.003076558987102118
Varbergs BoIS,Spain,Barcelona,69,25353,0.0027215714116672583
Varbergs BoIS,Spain,Madrid,74,25353,0.0029187867313532913
Varbergs BoIS,Sweden,Borås,249,25353,0.009821322920364453
Varbergs BoIS,Sweden,Degerfors,70,25353,0.002761014475604465
Varbergs BoIS,Sweden,Eskilstuna,285,25353,0.011241273222103894
Varbergs BoIS,Sweden,Falun,188,25353,0.0074152960201948484
Varbergs BoIS,Sweden,Gävle,430,25353,0.016960517492998855
Varbergs BoIS,Sweden,Göteborg,2154,25353,0.0849603597207431
Varbergs BoIS,Sweden,Halmstad,123,25353,0.004851496864276417
Varbergs BoIS,Sweden,Helsingborg,601,25353,0.02370528142626119
Varbergs BoIS,Sweden,Jönköping,590,25353,0.023271407722951918
Varbergs BoIS,Sweden,Kalmar,111,25353,0.004378180097029938
Varbergs BoIS,Sweden,Karlstad,325,25353,0.012818995779592158
Varbergs BoIS,Sweden,Kristianstad,260,25353,0.010255196623673727
Varbergs BoIS,Sweden,Linköping,857,25353,0.033802705794186094
Varbergs BoIS,Sweden,Lund,629,25353,0.02480968721650298
Varbergs BoIS,Sweden,Malmö,1152,25353,0.04543840965566205
Varbergs BoIS,Sweden,Norrköping,248,25353,0.009781879856427247
Varbergs BoIS,Sweden,Nyköping,108,25353,0.004259850905218318
Varbergs BoIS,Sweden,Skövde,246,25353,0.009702993728552834
Varbergs BoIS,Sweden,Stockholm,3631,25353,0.14321776515599732
Varbergs BoIS,Sweden,Sundsvall,197,25353,0.007770283595629708
Varbergs BoIS,Sweden,Sölvesborg,68,25353,0.0026821283477300516
Varbergs BoIS,Sweden,Trollhättan,307,25353,0.012109020628722439
Varbergs BoIS,Sweden,Umeå,545,25353,0.02149646984577762
Varbergs BoIS,Sweden,Uppsala,436,25353,0.017197175876622096
Varbergs BoIS,Sweden,Varberg,5977,25353,0.2357511931526841
Varbergs BoIS,Sweden,Visby,134,25353,0.00528537056758569
Varbergs BoIS,Sweden,Värnamo,58,25353,0.002287697708357985
Varbergs BoIS,Sweden,Västerås,571,25353,0.022521989508144994
Varbergs BoIS,Sweden,Växjö,268,25353,0.01057074113517138
Varbergs BoIS,Sweden,Örebro,639,25353,0.025204117855875046
Varbergs BoIS,Sweden,Östersund,265,25353,0.01045241194335976
Varbergs BoIS,USA,Los Angeles,70,25353,0.002761014475604465
Varbergs BoIS,USA,New York,46,25353,0.0018143809411115056
Varbergs BoIS,United Kingdom,Liverpool,48,25353,0.0018932670689859189
Varbergs BoIS,United Kingdom,London,24,25353,0.0009466335344929594
Varbergs BoIS,United Kingdom,Manchester,40,25353,0.0015777225574882658
Värnamo,Belgium,Antwerpen,53,23456,0.002259549795361528
Värnamo,Belgium,Bruxelles,49,23456,0.002089017735334243
Värnamo,Denmark,Aarhus,235,23456,0.010018758526603002
Värnamo,Denmark,København,240,23456,0.010231923601637109
Värnamo,Denmark,Odense,263,23456,0.011212482946793997
Värnamo,Estonia,Tallinn,134,23456,0.005712824010914052
Värnamo,Finland,Helsinki,258,23456,0.010999317871759891
Värnamo,Finland,Tampere,286,23456,0.012193042291950886
Värnamo,Finland,Turku,245,23456,0.010445088676671214
Värnamo,France,Lyon,45,23456,0.0019184856753069576
Värnamo,France,Paris,62,23456,0.0026432469304229194
Värnamo,Germany,Berlin,32,23456,0.001364256480218281
Värnamo,Germany,Hamburg,25,23456,0.001065825375170532
Värnamo,Germany,München,41,23456,0.0017479536152796725
Värnamo,Iceland,Reykjavík,102,23456,0.0043485675306957705
Värnamo,Italy,Milano,47,23456,0.0020037517053206003
Värnamo,Italy,Roma,70,23456,0.0029843110504774897
Värnamo,Netherlands,Amsterdam,57,23456,0.002430081855388813
Värnamo,Netherlands,Rotterdam,46,23456,0.001961118690313779
Värnamo,Norway,Bergen,285,23456,0.012150409276944066
Värnamo,Norway,Oslo,262,23456,0.011169849931787176
Värnamo,Norway,Trondheim,261,23456,0.011127216916780355
Värnamo,Poland,Kraków,61,23456,0.0026006139154160983
Värnamo,Poland,Warszawa,53,23456,0.002259549795361528
Värnamo,Spain,Barcelona,60,23456,0.002557980900409277
Värnamo,Spain,Madrid,60,23456,0.002557980900409277
Värnamo,Sweden,Borås,239,23456,0.010189290586630286
Värnamo,Sweden,Degerfors,54,23456,0.002302182810368349
Värnamo,Sweden,Eskilstuna,289,23456,0.01232094133697135
Värnamo,Sweden,Falun,199,23456,0.008483969986357436
Värnamo,Sweden,Gävle,420,23456,0.017905866302864937
Värnamo,Sweden,Göteborg,2078,23456,0.08859140518417462
Värnamo,Sweden,Halmstad,131,23456,0.005584924965893588
Värnamo,Sweden,Helsingborg,550,23456,0.023448158253751704
Värnamo,Sweden,Jönköping,568,23456,0.024215552523874487
Värnamo,Sweden,Kalmar,118,23456,0.005030695770804911
Värnamo,Sweden,Karlstad,332,23456,0.014154160982264666
Värnamo,Sweden,Kristianstad,251,23456,0.010700886766712141
Värnamo,Sweden,Linköping,898,23456,0.03828444747612551
Värnamo,Sweden,Lund,602,23456,0.02566507503410641
Värnamo,Sweden,Malmö,1126,23456,0.04800477489768076
Värnamo,Sweden,Norrköping,241,23456,0.01027455661664393
Värnamo,Sweden,Nyköping,145,23456,0.006181787175989086
Värnamo,Sweden,Skövde,238,23456,0.010146657571623465
Värnamo,Sweden,Stockholm,3780,23456,0.16115279672578445
Värnamo,Sweden,Sundsvall,159,23456,0.006778649386084584
Värnamo,Sweden,Sölvesborg,60,23456,0.002557980900409277
Värnamo,Sweden,Trollhättan,291,23456,0.012406207366984993
Värnamo,Sweden,Umeå,573,23456,0.024428717598908595
Värnamo,Sweden,Uppsala,471,23456,0.020080150068212822
Värnamo,Sweden,Varberg,78,23456,0.00332537517053206
Värnamo,Sweden,Visby,140,23456,0.0059686221009549794
Värnamo,Sweden,Värnamo,4148,23456,0.17684174624829468
Värnamo,Sweden,Västerås,583,23456,0.02485504774897681
Värnamo,Sweden,Växjö,291,23456,0.012406207366984993
Värnamo,Sweden,Örebro,578,23456,0.0246418826739427
Värnamo,Sweden,Östersund,253,23456,0.010786152796725785
Värnamo,USA,Los Angeles,64,23456,0.002728512960436562
Värnamo,USA,New York,55,23456,0.0023448158253751706
Värnamo,United Kingdom,Liverpool,33,23456,0.0014068894952251024
Värnamo,United Kingdom,London,44,23456,0.0018758526603001365
Värnamo,United Kingdom,Manchester,44,23456,0.0018758526603001365
